"pred_ndx","pred_stat","pred_class","actual_class","pred_prob"
72352,"G",2,2,0.51998997
72353,"G",2,2,0.5204742
72354,"G",2,2,0.5206696
72355,"G",2,2,0.5221329
72357,"G",2,2,0.52001154
72358,"G",2,2,0.51940125
72359,"G",2,2,0.5196589
72360,"G",2,2,0.52047694
72361,"G",2,2,0.52065223
72362,"G",2,2,0.52091706
72364,"G",2,2,0.5208228
72365,"G",2,2,0.52097416
72370,"B",2,1,0.51930463
72372,"G",2,2,0.5202659
72373,"G",2,2,0.52175623
72374,"G",2,2,0.5241554
72375,"G",2,2,0.5226861
72376,"G",2,2,0.52233106
72377,"G",2,2,0.5237227
72378,"B",2,1,0.52131546
72379,"B",2,1,0.52358544
72387,"B",2,1,0.5272289
72388,"G",2,2,0.52721614
72389,"G",2,2,0.5275452
72390,"B",2,1,0.52062243
72391,"B",2,1,0.5211374
72392,"G",2,2,0.5261212
72393,"G",2,2,0.52884084
72394,"G",2,2,0.52630633
72395,"G",2,2,0.5267636
72396,"G",2,2,0.52575636
72397,"G",2,2,0.52475727
72398,"G",2,2,0.52180386
72399,"G",2,2,0.52237546
72400,"G",2,2,0.52676064
72401,"G",2,2,0.5248808
72402,"G",2,2,0.52557856
72403,"G",2,2,0.5297162
72404,"G",2,2,0.53088164
72405,"G",2,2,0.5233798
72406,"G",2,2,0.5302968
72407,"G",2,2,0.5300916
72408,"G",2,2,0.53058976
72409,"G",2,2,0.53058976
72410,"G",2,2,0.53058976
72411,"G",2,2,0.53018785
72412,"G",2,2,0.53222615
72413,"G",2,2,0.532743
72414,"G",2,2,0.5288273
72415,"G",2,2,0.5292103
72416,"G",2,2,0.52954656
72417,"G",2,2,0.5299078
72418,"G",2,2,0.527076
72419,"G",2,2,0.526646
72420,"B",2,1,0.5239374
72421,"G",2,2,0.52467614
72422,"G",2,2,0.5213883
72423,"G",2,2,0.5214635
72424,"G",2,2,0.52538234
72425,"G",2,2,0.5209223
72436,"G",2,2,0.5201128
72437,"G",2,2,0.5223223
72439,"G",2,2,0.52405816
72440,"G",2,2,0.5245509
72441,"G",2,2,0.52415615
72442,"G",2,2,0.5226051
72443,"G",2,2,0.5226051
72444,"G",2,2,0.5250874
72445,"G",2,2,0.5247297
72446,"G",2,2,0.5255416
72447,"G",2,2,0.52579165
72448,"G",2,2,0.52703035
72449,"G",2,2,0.5300147
72450,"G",2,2,0.5300851
72451,"G",2,2,0.5283551
72452,"G",2,2,0.5308791
72453,"G",2,2,0.52432615
72454,"G",2,2,0.5258373
72455,"G",2,2,0.52533793
72456,"G",2,2,0.524069
72457,"G",2,2,0.5254846
72458,"G",2,2,0.52845067
72459,"G",2,2,0.5277519
72460,"G",2,2,0.52829087
72461,"G",2,2,0.5209168
72462,"G",2,2,0.5214013
72463,"G",2,2,0.526165
72464,"G",2,2,0.5259971
72465,"G",2,2,0.5256189
72466,"G",2,2,0.5240823
72467,"B",2,1,0.5229319
72468,"B",2,1,0.52664673
72469,"G",2,2,0.52020156
72479,"B",2,1,0.5219386
72480,"B",2,1,0.5229689
72482,"B",2,1,0.52049375
72483,"B",2,1,0.52044165
72484,"B",2,1,0.520984
72485,"B",2,1,0.52265537
72486,"B",2,1,0.5235944
72487,"B",2,1,0.5211277
72494,"B",2,1,0.52015144
72495,"B",2,1,0.52063817
72496,"B",2,1,0.52122444
72497,"B",2,1,0.5224296
72498,"B",2,1,0.52054554
72499,"B",2,1,0.5206435
72500,"B",2,1,0.52566445
72501,"B",2,1,0.52921706
72502,"B",2,1,0.529945
72503,"B",2,1,0.5275449
72504,"B",2,1,0.53220403
72505,"B",2,1,0.5317744
72506,"B",2,1,0.52876866
72507,"B",2,1,0.52904093
72508,"B",2,1,0.5286541
72509,"B",2,1,0.5287987
72510,"B",2,1,0.52787334
72511,"B",2,1,0.5301255
72512,"B",2,1,0.5272928
72513,"B",2,1,0.5284448
72514,"B",2,1,0.5269394
72515,"B",2,1,0.5270452
72516,"B",2,1,0.52696204
72517,"B",2,1,0.5290301
72518,"B",2,1,0.52688015
72519,"B",2,1,0.5258434
72520,"B",2,1,0.5278181
72521,"B",2,1,0.529121
72522,"B",2,1,0.5284033
72523,"B",2,1,0.532038
72524,"B",2,1,0.53230196
72525,"B",2,1,0.5348295
72526,"B",2,1,0.5345835
72527,"B",2,1,0.5300474
72528,"B",2,1,0.5305164
72529,"B",2,1,0.53114915
72530,"B",2,1,0.5285527
72531,"B",2,1,0.5318532
72532,"B",2,1,0.53108674
72533,"B",2,1,0.5343762
72534,"B",2,1,0.5341599
72535,"B",2,1,0.532957
72536,"B",2,1,0.5383156
72537,"B",2,1,0.5389769
72538,"B",2,1,0.53917384
72539,"B",2,1,0.53347874
72540,"B",2,1,0.53333646
72541,"B",2,1,0.5286108
72542,"B",2,1,0.52988833
72543,"B",2,1,0.5275184
72544,"B",2,1,0.5297015
72545,"B",2,1,0.53089845
72546,"B",2,1,0.52501696
72547,"B",2,1,0.5254271
72548,"B",2,1,0.52516186
72549,"B",2,1,0.52366066
72550,"B",2,1,0.5248812
72551,"B",2,1,0.5241667
72552,"B",2,1,0.5261346
72553,"B",2,1,0.5229265
72554,"B",2,1,0.52693164
72555,"B",2,1,0.52274185
72556,"B",2,1,0.5299743
72557,"B",2,1,0.5280257
72558,"B",2,1,0.522256
72559,"B",2,1,0.52158636
72560,"B",2,1,0.52276236
72561,"B",2,1,0.5226397
72562,"B",2,1,0.5222956
72563,"B",2,1,0.52465874
72564,"B",2,1,0.52809006
72565,"B",2,1,0.5224538
72566,"B",2,1,0.5236622
72567,"B",2,1,0.52413857
72568,"B",2,1,0.52176255
72569,"G",2,2,0.52450424
72570,"G",2,2,0.52469194
72571,"B",2,1,0.52400917
72572,"B",2,1,0.523849
72573,"B",2,1,0.52426696
72574,"B",2,1,0.5245047
72575,"B",2,1,0.5233414
72576,"B",2,1,0.52555263
72577,"B",2,1,0.52688926
72578,"B",2,1,0.5261529
72579,"G",2,2,0.5269633
72580,"G",2,2,0.52615047
72581,"G",2,2,0.5268057
72582,"G",2,2,0.5237868
72583,"B",2,1,0.52194184
72584,"B",2,1,0.520937
72585,"B",2,1,0.52248484
72586,"G",2,2,0.5248885
72587,"B",2,1,0.52468675
72588,"B",2,1,0.5229878
72589,"B",2,1,0.52235204
72590,"B",2,1,0.5210497
72591,"G",2,2,0.5224795
72592,"G",2,2,0.5232073
72593,"B",2,1,0.5225506
72595,"B",2,1,0.5200365
72596,"G",2,2,0.5203817
72598,"G",2,2,0.5207507
72599,"G",2,2,0.52020043
72600,"G",2,2,0.5194623
72601,"G",2,2,0.52184594
72602,"G",2,2,0.52323073
72603,"G",2,2,0.5221281
72604,"G",2,2,0.52416867
72605,"G",2,2,0.52642596
72606,"B",2,1,0.5256858
72607,"B",2,1,0.528453
72608,"B",2,1,0.52413195
72610,"B",2,1,0.5202887
72612,"B",2,1,0.52053946
72613,"B",2,1,0.5197052
72614,"B",2,1,0.51938736
72615,"B",2,1,0.51924276
72618,"B",2,1,0.52134836
72620,"B",2,1,0.52256733
72622,"B",2,1,0.52075493
72623,"B",2,1,0.5229644
72624,"B",2,1,0.5229644
72625,"B",2,1,0.52348256
72628,"B",2,1,0.51951337
72636,"B",2,1,0.5206686
72642,"B",2,1,0.5199979
72643,"B",2,1,0.52621317
72644,"B",2,1,0.5207237
72645,"B",2,1,0.52241904
72649,"B",2,1,0.5193346
72650,"B",2,1,0.51955897
72651,"B",2,1,0.5214471
72653,"B",2,1,0.51925135
72655,"B",2,1,0.5219272
72656,"B",2,1,0.5296372
72657,"B",2,1,0.52848387
72658,"B",2,1,0.5319694
72659,"B",2,1,0.5288199
72660,"B",2,1,0.530294
72661,"B",2,1,0.5313554
72662,"B",2,1,0.52992177
72663,"B",2,1,0.5379942
72664,"B",2,1,0.53922844
72665,"B",2,1,0.5306395
72666,"B",2,1,0.52423114
72667,"B",2,1,0.52595127
72668,"B",2,1,0.5262928
72669,"B",2,1,0.526371
72670,"B",2,1,0.51942104
72671,"B",2,1,0.5267859
72672,"B",2,1,0.5265665
72674,"B",2,1,0.51927406
72675,"B",2,1,0.51945174
72678,"B",2,1,0.51957667
72679,"B",2,1,0.51957667
72680,"B",2,1,0.5207296
72681,"B",2,1,0.52182126
72685,"B",2,1,0.5200404
72695,"B",2,1,0.52746665
72696,"B",2,1,0.5292261
72697,"B",2,1,0.5255898
72698,"B",2,1,0.5201253
72699,"G",2,2,0.528446
72700,"G",2,2,0.522182
72701,"G",2,2,0.5459682
72702,"G",2,2,0.5407568
72703,"G",2,2,0.54588866
72704,"G",2,2,0.5441044
72705,"G",2,2,0.55439717
72706,"G",2,2,0.5499801
72707,"G",2,2,0.5296535
72708,"G",2,2,0.519983
72709,"G",2,2,0.5242634
72710,"G",2,2,0.52483916
72711,"G",2,2,0.52388483
72719,"B",2,1,0.52034044
72725,"G",2,2,0.5205715
72729,"G",2,2,0.5233098
72730,"G",2,2,0.52007663
72742,"G",2,2,0.5221451
72745,"G",2,2,0.5199645
72749,"B",2,1,0.52213585
72750,"G",2,2,0.5229817
72751,"B",2,1,0.52283806
72752,"B",2,1,0.5232829
72753,"B",2,1,0.5232809
72754,"B",2,1,0.5234076
72755,"B",2,1,0.5232809
72776,"B",2,1,0.52266055
72777,"B",2,1,0.5214238
72787,"B",2,1,0.519267
72790,"B",2,1,0.52328014
72791,"B",2,1,0.52501225
72796,"B",2,1,0.524564
72798,"B",2,1,0.52010256
72799,"B",2,1,0.5208079
72800,"B",2,1,0.5200598
72801,"B",2,1,0.5291163
72802,"B",2,1,0.52492326
72803,"B",2,1,0.5258615
72804,"G",2,2,0.5243218
72805,"G",2,2,0.5222712
72806,"B",2,1,0.52415746
72807,"G",2,2,0.52415746
72808,"G",2,2,0.5241898
72811,"G",2,2,0.5292319
72812,"G",2,2,0.5232545
72813,"B",2,1,0.5232545
72814,"G",2,2,0.52305186
72815,"G",2,2,0.52259994
72816,"G",2,2,0.5232402
72817,"G",2,2,0.5245203
72818,"G",2,2,0.524117
72819,"G",2,2,0.5310556
72820,"G",2,2,0.52324826
72821,"G",2,2,0.5233134
72822,"G",2,2,0.5259935
72823,"G",2,2,0.5282821
72824,"G",2,2,0.5273716
72825,"G",2,2,0.526761
72826,"G",2,2,0.5262629
72827,"G",2,2,0.52602506
72828,"G",2,2,0.52219665
72829,"G",2,2,0.5246446
72830,"G",2,2,0.52430403
72831,"G",2,2,0.52883303
72832,"G",2,2,0.52948827
72833,"G",2,2,0.52394044
72834,"G",2,2,0.5225762
72835,"G",2,2,0.53108615
72836,"B",2,1,0.52713776
72837,"B",2,1,0.5275215
72838,"B",2,1,0.524884
72839,"B",2,1,0.5195864
72841,"B",2,1,0.5277529
72842,"B",2,1,0.527584
72843,"B",2,1,0.527584
72844,"B",2,1,0.5279325
72845,"B",2,1,0.52465564
72846,"B",2,1,0.5246319
72847,"B",2,1,0.52983075
72848,"B",2,1,0.52964354
72849,"B",2,1,0.5296122
72850,"B",2,1,0.52472055
72851,"B",2,1,0.5225152
72852,"B",2,1,0.5234691
72853,"B",2,1,0.5235284
72854,"B",2,1,0.5251933
72855,"B",2,1,0.5257047
72856,"B",2,1,0.5238489
72857,"B",2,1,0.5225772
72858,"B",2,1,0.5199108
72859,"B",2,1,0.5202939
72861,"B",2,1,0.5245869
72862,"B",2,1,0.52833205
72863,"B",2,1,0.52833205
72864,"B",2,1,0.52730304
72865,"B",2,1,0.52905595
72866,"G",2,2,0.5220523
72867,"G",2,2,0.5231673
72868,"G",2,2,0.51927155
72869,"G",2,2,0.5195534
72874,"G",2,2,0.5204681
72876,"G",2,2,0.524303
72877,"G",2,2,0.52885383
72878,"G",2,2,0.52940863
72879,"G",2,2,0.5315594
72880,"G",2,2,0.5281815
72881,"G",2,2,0.5283684
72882,"G",2,2,0.5294492
72883,"G",2,2,0.5300082
72884,"G",2,2,0.5290066
72885,"G",2,2,0.52336866
72886,"G",2,2,0.5289167
72887,"G",2,2,0.5296479
72888,"G",2,2,0.53027225
72889,"G",2,2,0.5221077
72890,"G",2,2,0.5218714
72891,"G",2,2,0.52483153
72892,"G",2,2,0.5303375
72893,"G",2,2,0.5275633
72894,"G",2,2,0.52535444
72895,"G",2,2,0.52501065
72896,"B",2,1,0.52591
72897,"B",2,1,0.52472603
72898,"B",2,1,0.52710545
72899,"B",2,1,0.524606
72900,"B",2,1,0.5251132
72901,"B",2,1,0.52465564
72902,"B",2,1,0.5208425
72903,"B",2,1,0.5223103
72904,"B",2,1,0.5250596
72905,"B",2,1,0.5262058
72906,"B",2,1,0.5236842
72907,"B",2,1,0.5260422
72908,"B",2,1,0.52493364
72909,"B",2,1,0.52664965
72910,"B",2,1,0.5246961
72911,"B",2,1,0.5237834
72912,"B",2,1,0.5278978
72913,"B",2,1,0.52868176
72914,"B",2,1,0.52868176
72915,"B",2,1,0.52793014
72916,"B",2,1,0.52709365
72917,"B",2,1,0.528971
72918,"B",2,1,0.52586585
72919,"B",2,1,0.52455795
72920,"B",2,1,0.525272
72921,"B",2,1,0.522927
72922,"B",2,1,0.5232105
72923,"B",2,1,0.52357763
72924,"B",2,1,0.5253782
72925,"B",2,1,0.5291204
72926,"B",2,1,0.52740496
72927,"B",2,1,0.52798873
72928,"B",2,1,0.52753043
72929,"B",2,1,0.5289823
72930,"B",2,1,0.5301792
72931,"B",2,1,0.5286682
72932,"B",2,1,0.52805144
72933,"B",2,1,0.52838147
72934,"B",2,1,0.52561605
72935,"B",2,1,0.5279417
72936,"B",2,1,0.5265206
72937,"B",2,1,0.52675396
72938,"B",2,1,0.52624685
72939,"B",2,1,0.52808774
72940,"B",2,1,0.52403796
72941,"B",2,1,0.52291524
72942,"B",2,1,0.52449816
72943,"G",2,2,0.52312475
72944,"G",2,2,0.522515
72945,"G",2,2,0.52252734
72946,"G",2,2,0.5252373
72947,"G",2,2,0.52649724
72948,"G",2,2,0.52629226
72949,"G",2,2,0.52629226
72950,"G",2,2,0.52495754
72951,"G",2,2,0.5243734
72952,"G",2,2,0.52771825
72953,"G",2,2,0.52905333
72954,"G",2,2,0.5249361
72955,"G",2,2,0.52278066
72956,"G",2,2,0.5229521
72957,"G",2,2,0.5217781
72958,"G",2,2,0.5222329
72959,"G",2,2,0.51921606
72962,"G",2,2,0.5192454
72963,"G",2,2,0.52308255
72964,"G",2,2,0.52124006
72965,"G",2,2,0.5211251
72966,"G",2,2,0.5233396
72967,"G",2,2,0.5199795
72969,"G",2,2,0.51929474
72970,"G",2,2,0.5192048
72979,"G",2,2,0.51960856
72982,"G",2,2,0.5207575
72983,"G",2,2,0.52091414
72984,"G",2,2,0.5210331
72985,"G",2,2,0.52332556
72986,"G",2,2,0.5227519
72987,"G",2,2,0.5233996
72988,"G",2,2,0.5233032
72989,"G",2,2,0.5225944
72990,"G",2,2,0.52145964
72991,"G",2,2,0.5213763
72992,"G",2,2,0.51988626
72993,"G",2,2,0.5208503
72994,"G",2,2,0.5194183
72995,"G",2,2,0.5197749
73001,"G",2,2,0.5196594
73002,"G",2,2,0.5193386
73003,"G",2,2,0.52171594
73004,"G",2,2,0.52171594
73005,"G",2,2,0.5220368
73006,"G",2,2,0.51927143
73007,"G",2,2,0.5221529
73008,"G",2,2,0.5193072
73028,"B",2,1,0.51953477
73032,"G",2,2,0.51924634
73033,"G",2,2,0.5209314
73034,"G",2,2,0.52339506
73035,"G",2,2,0.52278656
73036,"G",2,2,0.5226887
73037,"G",2,2,0.52322763
73038,"G",2,2,0.52271265
73039,"G",2,2,0.521404
73040,"G",2,2,0.5216879
73041,"G",2,2,0.52383786
73042,"G",2,2,0.52279645
73043,"G",2,2,0.52189064
73044,"G",2,2,0.521838
73045,"G",2,2,0.52363086
73046,"G",2,2,0.52554333
73047,"G",2,2,0.52025324
73048,"G",2,2,0.52025324
73049,"G",2,2,0.5194069
73050,"G",2,2,0.5197184
73070,"G",2,2,0.5225323
73071,"G",2,2,0.5257711
73075,"G",2,2,0.5215692
73077,"G",2,2,0.5203198
73083,"G",2,2,0.5246656
73084,"G",2,2,0.5239005
73085,"G",2,2,0.5280198
73086,"G",2,2,0.5285179
73087,"G",2,2,0.529501
73088,"G",2,2,0.5279467
73089,"G",2,2,0.52757597
73090,"G",2,2,0.52925086
73091,"G",2,2,0.5285143
73092,"G",2,2,0.5267024
73093,"G",2,2,0.5226129
73094,"G",2,2,0.5224922
73095,"G",2,2,0.5209969
73096,"G",2,2,0.5200545
73103,"G",2,2,0.520034
73106,"B",2,1,0.5254611
73107,"B",2,1,0.523097
73109,"B",2,1,0.52493954
73116,"B",2,1,0.51960695
73136,"B",2,1,0.51976734
73142,"G",2,2,0.5197199
73143,"G",2,2,0.52057797
73144,"G",2,2,0.5206484
73145,"G",2,2,0.52005494
73146,"G",2,2,0.524008
73147,"G",2,2,0.5229551
73148,"G",2,2,0.5229551
73153,"G",2,2,0.5196764
73157,"G",2,2,0.5207502
73158,"G",2,2,0.5192306
73159,"G",2,2,0.5204362
73160,"G",2,2,0.52060574
73161,"G",2,2,0.5198359
73162,"G",2,2,0.5193191
73163,"G",2,2,0.51940936
73164,"B",2,1,0.52111477
73168,"G",2,2,0.5194228
73189,"B",2,1,0.52152956
73190,"B",2,1,0.5195055
73191,"B",2,1,0.52242285
73192,"B",2,1,0.52181214
73193,"B",2,1,0.52132833
73194,"B",2,1,0.52275175
73195,"B",2,1,0.52116644
73196,"B",2,1,0.5195905
73197,"B",2,1,0.5208421
73199,"B",2,1,0.5207244
73200,"B",2,1,0.5212383
73204,"B",2,1,0.51939124
73208,"G",2,2,0.51960206
73212,"G",2,2,0.52051955
73213,"G",2,2,0.52115226
73214,"G",2,2,0.52044654
73215,"G",2,2,0.52125686
73216,"G",2,2,0.52131
73217,"G",2,2,0.5241241
73218,"G",2,2,0.52400243
73219,"G",2,2,0.52522767
73220,"G",2,2,0.52505356
73221,"G",2,2,0.52392435
73222,"G",2,2,0.5251816
73223,"G",2,2,0.52233917
73224,"G",2,2,0.5252433
73225,"G",2,2,0.5234267
73226,"G",2,2,0.5216107
73227,"G",2,2,0.52310514
73228,"G",2,2,0.5239245
73229,"G",2,2,0.5237864
73230,"G",2,2,0.5223825
73231,"G",2,2,0.52250147
73232,"G",2,2,0.5227743
73233,"G",2,2,0.5214005
73234,"G",2,2,0.52280194
73235,"G",2,2,0.5216973
73236,"G",2,2,0.5200881
73237,"G",2,2,0.52077967
73238,"G",2,2,0.5230641
73239,"G",2,2,0.52102673
73240,"G",2,2,0.52155006
73241,"G",2,2,0.5214404
73242,"G",2,2,0.52064705
73243,"G",2,2,0.5193955
73244,"G",2,2,0.5209041
73245,"G",2,2,0.5203792
73246,"G",2,2,0.523975
73247,"G",2,2,0.5208713
73248,"G",2,2,0.52229923
73249,"G",2,2,0.52111894
73266,"B",2,1,0.52246165
73267,"B",2,1,0.52376026
73289,"B",2,1,0.5283966
73291,"B",2,1,0.52832603
73293,"B",2,1,0.53077906
73294,"G",2,2,0.5303611
73295,"G",2,2,0.5309795
73296,"G",2,2,0.5320169
73297,"G",2,2,0.53016174
73298,"G",2,2,0.52909505
73299,"G",2,2,0.5287725
73300,"G",2,2,0.53038347
73301,"G",2,2,0.5303834
73302,"G",2,2,0.5246651
73303,"G",2,2,0.5287964
73304,"G",2,2,0.5287581
73305,"G",2,2,0.5289616
73306,"G",2,2,0.5290373
73307,"G",2,2,0.52681553
73308,"G",2,2,0.52937865
73309,"G",2,2,0.52447695
73310,"G",2,2,0.52744776
73311,"G",2,2,0.5264893
73312,"G",2,2,0.53166103
73313,"G",2,2,0.52942884
73314,"G",2,2,0.52745134
73315,"G",2,2,0.5273658
73316,"G",2,2,0.52395266
73317,"G",2,2,0.529889
73318,"G",2,2,0.5292596
73319,"G",2,2,0.5302201
73320,"G",2,2,0.5296836
73321,"G",2,2,0.52965283
73322,"G",2,2,0.52726626
73323,"G",2,2,0.5233722
73324,"G",2,2,0.5293849
73325,"G",2,2,0.5211351
73326,"G",2,2,0.5220772
73327,"G",2,2,0.52063125
73328,"G",2,2,0.5232708
73329,"G",2,2,0.5241343
73330,"G",2,2,0.52732915
73331,"G",2,2,0.52393955
73332,"G",2,2,0.52364093
73333,"B",2,1,0.52614
73334,"B",2,1,0.5255958
73338,"B",2,1,0.5271264
73342,"B",2,1,0.52573663
73343,"B",2,1,0.52323914
73345,"B",2,1,0.5211642
73346,"B",2,1,0.5275519
73347,"B",2,1,0.5249115
73348,"B",2,1,0.5241954
73349,"B",2,1,0.5233065
73350,"B",2,1,0.52687
73351,"G",2,2,0.52956617
73352,"G",2,2,0.5292318
73353,"G",2,2,0.52741206
73354,"G",2,2,0.528109
73355,"G",2,2,0.52648044
73356,"G",2,2,0.52897793
73357,"G",2,2,0.5282914
73358,"G",2,2,0.53211606
73359,"G",2,2,0.52671576
73360,"G",2,2,0.52436966
73361,"G",2,2,0.52427995
73362,"G",2,2,0.52427995
73363,"G",2,2,0.5327414
73364,"G",2,2,0.5302694
73365,"G",2,2,0.53223306
73366,"G",2,2,0.5257432
73367,"G",2,2,0.5243873
73368,"G",2,2,0.52453864
73369,"G",2,2,0.52457345
73370,"G",2,2,0.5261474
73371,"G",2,2,0.52129287
73372,"G",2,2,0.52329767
73373,"G",2,2,0.52046645
73374,"G",2,2,0.52821416
73375,"G",2,2,0.52626216
73376,"G",2,2,0.52317023
73377,"G",2,2,0.52566767
73378,"G",2,2,0.5237727
73379,"G",2,2,0.5234927
73380,"G",2,2,0.52236325
73381,"G",2,2,0.5251028
73382,"G",2,2,0.5267588
73383,"G",2,2,0.5263628
73446,"G",2,2,0.52079964
73447,"B",2,1,0.5222141
73449,"G",2,2,0.52408296
73453,"G",2,2,0.5196843
73454,"G",2,2,0.52015734
73455,"G",2,2,0.5206407
73489,"B",2,1,0.5205454
73493,"G",2,2,0.523336
73494,"G",2,2,0.5228502
73495,"G",2,2,0.5208497
73496,"G",2,2,0.5198035
73497,"G",2,2,0.52047294
73498,"G",2,2,0.5248399
73499,"G",2,2,0.52307713
73500,"G",2,2,0.52245206
73501,"G",2,2,0.5232845
73502,"G",2,2,0.5227242
73503,"G",2,2,0.5214726
73504,"G",2,2,0.5222079
73505,"G",2,2,0.5207898
73506,"G",2,2,0.5219638
73507,"G",2,2,0.5216173
73508,"G",2,2,0.5211105
73509,"G",2,2,0.52355504
73510,"G",2,2,0.523936
73511,"G",2,2,0.523936
73512,"G",2,2,0.52534777
73513,"G",2,2,0.52702934
73514,"G",2,2,0.52489746
73515,"G",2,2,0.52687895
73516,"G",2,2,0.5278738
73517,"G",2,2,0.5277828
73518,"G",2,2,0.53248537
73519,"G",2,2,0.5315051
73520,"G",2,2,0.53104955
73521,"G",2,2,0.5284551
73522,"G",2,2,0.52923834
73523,"G",2,2,0.5267171
73524,"G",2,2,0.5284514
73525,"B",2,1,0.52202815
73526,"B",2,1,0.5199915
73528,"G",2,2,0.52108306
73529,"G",2,2,0.5195816
73531,"G",2,2,0.51943797
73532,"G",2,2,0.5192252
73538,"B",2,1,0.52053
73539,"G",2,2,0.5197372
73545,"B",2,1,0.52064276
73546,"B",2,1,0.5192164
73547,"B",2,1,0.52290934
73548,"B",2,1,0.531779
73549,"B",2,1,0.5281918
73550,"G",2,2,0.52964777
73551,"G",2,2,0.52736855
73552,"G",2,2,0.5294488
73553,"G",2,2,0.52506834
73554,"G",2,2,0.5254786
73555,"G",2,2,0.52655846
73556,"G",2,2,0.52382064
73557,"G",2,2,0.5216251
73558,"G",2,2,0.5217285
73564,"B",2,1,0.5221516
73565,"B",2,1,0.5210701
73566,"B",2,1,0.5211752
73567,"B",2,1,0.5206945
73570,"B",2,1,0.5193905
73571,"B",2,1,0.52281904
73572,"B",2,1,0.52258456
73573,"B",2,1,0.5280629
73574,"B",2,1,0.52419466
73575,"B",2,1,0.5334507
73576,"B",2,1,0.5319958
73577,"B",2,1,0.5327886
73578,"B",2,1,0.53262836
73579,"B",2,1,0.5317321
73580,"B",2,1,0.5262547
73581,"B",2,1,0.5257645
73582,"B",2,1,0.5262503
73583,"B",2,1,0.52547395
73584,"B",2,1,0.5280027
73585,"B",2,1,0.5280938
73586,"B",2,1,0.52497643
73587,"B",2,1,0.52261865
73588,"B",2,1,0.52635235
73589,"B",2,1,0.53115773
73590,"B",2,1,0.52971286
73591,"B",2,1,0.526484
73592,"B",2,1,0.5282679
73593,"B",2,1,0.5280093
73594,"B",2,1,0.52925813
73595,"G",2,2,0.5258866
73596,"G",2,2,0.5258762
73597,"G",2,2,0.52894455
73598,"G",2,2,0.5319428
73599,"G",2,2,0.5320873
73600,"G",2,2,0.5303412
73601,"G",2,2,0.5286068
73602,"G",2,2,0.52588904
73603,"G",2,2,0.5260492
73604,"G",2,2,0.52726233
73605,"G",2,2,0.52896184
73606,"G",2,2,0.5265277
73607,"G",2,2,0.52281195
73608,"G",2,2,0.5215341
73609,"G",2,2,0.5205025
73610,"G",2,2,0.5207594
73611,"G",2,2,0.5230234
73612,"G",2,2,0.5203119
73613,"G",2,2,0.51948565
73614,"G",2,2,0.5213228
73615,"G",2,2,0.52465636
73616,"G",2,2,0.52480894
73617,"G",2,2,0.52554524
73618,"G",2,2,0.52540165
73619,"G",2,2,0.5248097
73620,"G",2,2,0.53128636
73621,"G",2,2,0.529136
73622,"G",2,2,0.528329
73623,"G",2,2,0.524481
73624,"G",2,2,0.52542216
73625,"G",2,2,0.52683663
73626,"G",2,2,0.52134925
73627,"G",2,2,0.5228038
73628,"G",2,2,0.5239972
73629,"G",2,2,0.52327406
73631,"G",2,2,0.519946
73638,"G",2,2,0.5207342
73640,"G",2,2,0.52271086
73641,"G",2,2,0.52025217
73642,"G",2,2,0.5229842
73643,"G",2,2,0.52174836
73644,"B",2,1,0.52179635
73645,"B",2,1,0.52514213
73646,"B",2,1,0.5258052
73649,"B",2,1,0.52079505
73651,"B",2,1,0.51999676
73652,"B",2,1,0.5198687
73653,"B",2,1,0.5219562
73654,"B",2,1,0.521818
73655,"B",2,1,0.5235042
73660,"B",2,1,0.52123916
73661,"B",2,1,0.5214727
73662,"B",2,1,0.5207428
73665,"B",2,1,0.52002704
73676,"B",2,1,0.52085894
73681,"G",2,2,0.5196067
73682,"G",2,2,0.52124774
73683,"G",2,2,0.5209116
73684,"G",2,2,0.5207558
73685,"G",2,2,0.5197766
73686,"G",2,2,0.5196867
73688,"G",2,2,0.5199532
73689,"G",2,2,0.51921004
73690,"G",2,2,0.5193128
73691,"G",2,2,0.5198505
73694,"G",2,2,0.5195824
73705,"G",2,2,0.52012444
73736,"G",2,2,0.522357
73737,"G",2,2,0.51973784
73740,"G",2,2,0.51998085
73741,"G",2,2,0.5229347
73750,"G",2,2,0.5211199
73751,"G",2,2,0.5218207
73752,"G",2,2,0.52227324
73753,"G",2,2,0.5213055
73754,"G",2,2,0.521601
73755,"G",2,2,0.52247554
73758,"G",2,2,0.5229737
73759,"G",2,2,0.5200982
73763,"G",2,2,0.520226
73767,"G",2,2,0.5200937
73768,"G",2,2,0.5205548
73769,"G",2,2,0.5206326
73770,"B",2,1,0.5199771
73772,"B",2,1,0.51985425
73773,"G",2,2,0.5198169
73774,"G",2,2,0.5205296
73775,"G",2,2,0.5206339
73776,"B",2,1,0.52040833
73777,"G",2,2,0.5195338
73778,"B",2,1,0.52178276
73781,"G",2,2,0.52122706
73782,"B",2,1,0.52084565
73786,"B",2,1,0.5199402
73801,"B",2,1,0.51973623
73805,"B",2,1,0.51956093
73806,"G",2,2,0.5195959
73807,"B",2,1,0.5200677
73810,"B",2,1,0.5198479
73815,"G",2,2,0.51976764
73816,"G",2,2,0.5219643
73817,"G",2,2,0.5226236
73818,"G",2,2,0.52241546
73819,"G",2,2,0.5192571
73825,"G",2,2,0.5196428
73826,"G",2,2,0.5196428
73827,"G",2,2,0.5195825
73828,"G",2,2,0.51999724
73829,"G",2,2,0.5195379
73835,"G",2,2,0.5211795
73836,"G",2,2,0.5211727
73837,"G",2,2,0.5220409
73838,"G",2,2,0.5228574
73839,"G",2,2,0.5196313
73840,"G",2,2,0.5220986
73841,"G",2,2,0.52243567
73842,"G",2,2,0.5224691
73843,"G",2,2,0.5249262
73844,"G",2,2,0.5240124
73845,"G",2,2,0.52183604
73846,"G",2,2,0.5206425
73847,"G",2,2,0.52058953
73871,"B",2,1,0.5210603
73875,"B",2,1,0.5211363
73876,"B",2,1,0.52145517
73877,"B",2,1,0.5228859
73879,"B",2,1,0.5201452
73880,"B",2,1,0.5228005
73881,"B",2,1,0.52486145
73882,"B",2,1,0.52442133
73883,"B",2,1,0.5260755
73884,"B",2,1,0.5228829
73885,"B",2,1,0.52616507
73886,"B",2,1,0.5239463
73887,"B",2,1,0.5236519
73888,"B",2,1,0.52199584
73889,"B",2,1,0.52523285
73890,"B",2,1,0.52872163
73891,"B",2,1,0.5227909
73892,"B",2,1,0.5271059
73893,"B",2,1,0.5279489
73894,"B",2,1,0.5289341
73895,"B",2,1,0.52599365
73896,"B",2,1,0.52432567
73897,"B",2,1,0.52367216
73898,"B",2,1,0.5263885
73899,"B",2,1,0.52843595
73900,"B",2,1,0.5256835
73901,"B",2,1,0.52843595
73902,"B",2,1,0.5276166
73903,"B",2,1,0.5253563
73904,"B",2,1,0.5277599
73905,"G",2,2,0.5303206
73906,"G",2,2,0.52644163
73907,"B",2,1,0.52656966
73908,"B",2,1,0.524036
73909,"B",2,1,0.5214353
73910,"B",2,1,0.5223607
73911,"G",2,2,0.5195817
73912,"G",2,2,0.5194371
73913,"G",2,2,0.5197722
73914,"B",2,1,0.5202063
73915,"B",2,1,0.5197156
73916,"G",2,2,0.5219184
73917,"G",2,2,0.5235664
73918,"G",2,2,0.5261477
73919,"G",2,2,0.5219044
73920,"G",2,2,0.5232258
73921,"G",2,2,0.5223139
73922,"G",2,2,0.52260554
73923,"G",2,2,0.52544993
73924,"G",2,2,0.52431655
73925,"G",2,2,0.5250856
73926,"G",2,2,0.5275956
73927,"G",2,2,0.5258765
73928,"G",2,2,0.5291678
73929,"G",2,2,0.5252722
73930,"G",2,2,0.5256189
73931,"G",2,2,0.5244703
73932,"G",2,2,0.52534425
73933,"G",2,2,0.52839965
73934,"G",2,2,0.52578956
73935,"G",2,2,0.52534944
73936,"G",2,2,0.52483785
73937,"G",2,2,0.52649355
73938,"G",2,2,0.5235724
73939,"G",2,2,0.52572495
73940,"G",2,2,0.52483606
73941,"G",2,2,0.52483606
73942,"G",2,2,0.52508634
73943,"G",2,2,0.52536005
73944,"G",2,2,0.52542937
73945,"G",2,2,0.5261569
73946,"G",2,2,0.529623
73947,"G",2,2,0.5297209
73948,"G",2,2,0.5292808
73949,"B",2,1,0.52914536
73950,"G",2,2,0.52739173
73951,"B",2,1,0.5244542
73952,"G",2,2,0.5317165
73953,"G",2,2,0.5325494
73954,"G",2,2,0.52652144
73955,"G",2,2,0.5257963
73956,"B",2,1,0.5282234
73957,"B",2,1,0.5327309
73958,"B",2,1,0.53033495
73959,"B",2,1,0.53150564
73960,"B",2,1,0.5347222
73961,"B",2,1,0.52931964
73962,"B",2,1,0.5280019
73963,"B",2,1,0.52202255
73964,"B",2,1,0.5267836
73965,"B",2,1,0.52605945
73966,"B",2,1,0.5208542
73969,"B",2,1,0.5199913
73970,"B",2,1,0.52322745
73971,"B",2,1,0.52085006
73972,"B",2,1,0.527849
73973,"B",2,1,0.52577996
73974,"B",2,1,0.52873135
73975,"B",2,1,0.52520996
73976,"B",2,1,0.52589446
73977,"B",2,1,0.52430946
73978,"B",2,1,0.52518487
73979,"B",2,1,0.5283366
73980,"B",2,1,0.5304289
73981,"B",2,1,0.52739835
73982,"B",2,1,0.52352685
73983,"B",2,1,0.5263263
73984,"B",2,1,0.52686524
73985,"B",2,1,0.5255074
73986,"G",2,2,0.5255696
73987,"G",2,2,0.52518487
73988,"B",2,1,0.5255965
73989,"G",2,2,0.52785087
73990,"G",2,2,0.52522814
73991,"G",2,2,0.5243143
73992,"G",2,2,0.5253475
73993,"G",2,2,0.5231014
73994,"G",2,2,0.52567977
73995,"G",2,2,0.529226
73996,"G",2,2,0.5299264
73997,"B",2,1,0.52693766
73998,"G",2,2,0.5237109
73999,"G",2,2,0.5237109
74000,"G",2,2,0.5233298
74001,"B",2,1,0.52620924
74002,"B",2,1,0.5226368
74003,"B",2,1,0.5228296
74004,"B",2,1,0.521967
74005,"B",2,1,0.5248126
74006,"B",2,1,0.5261944
74007,"B",2,1,0.5250557
74008,"B",2,1,0.52743304
74009,"B",2,1,0.5260321
74010,"B",2,1,0.5290063
74011,"B",2,1,0.5275633
74012,"B",2,1,0.5294528
74013,"B",2,1,0.5267732
74014,"B",2,1,0.52945435
74015,"G",2,2,0.5272335
74016,"B",2,1,0.52377135
74017,"G",2,2,0.5242554
74018,"B",2,1,0.5250557
74019,"B",2,1,0.52750766
74020,"G",2,2,0.5302324
74021,"G",2,2,0.5279686
74022,"G",2,2,0.5297343
74023,"G",2,2,0.5280757
74024,"G",2,2,0.52950406
74025,"G",2,2,0.5301733
74026,"G",2,2,0.52907264
74027,"G",2,2,0.5306518
74028,"G",2,2,0.5302117
74029,"G",2,2,0.5281532
74030,"G",2,2,0.52977365
74031,"G",2,2,0.5314696
74032,"G",2,2,0.5315842
74033,"G",2,2,0.5328439
74034,"G",2,2,0.52835655
74035,"G",2,2,0.52851474
74036,"G",2,2,0.53035986
74037,"G",2,2,0.5292246
74038,"G",2,2,0.5244278
74039,"G",2,2,0.5272605
74040,"G",2,2,0.52360356
74041,"G",2,2,0.5208601
74042,"G",2,2,0.5278725
74043,"G",2,2,0.523004
74044,"G",2,2,0.52493554
74045,"G",2,2,0.52682704
74046,"G",2,2,0.5279014
74047,"G",2,2,0.5240758
74048,"G",2,2,0.52600425
74049,"G",2,2,0.52357143
74060,"B",2,1,0.52140933
74075,"G",2,2,0.52018
74076,"G",2,2,0.5223843
74081,"G",2,2,0.5221001
74082,"G",2,2,0.5247963
74083,"G",2,2,0.522321
74084,"B",2,1,0.52097654
74086,"G",2,2,0.51950216
74087,"B",2,1,0.51964676
74088,"G",2,2,0.5193505
74089,"G",2,2,0.51939756
74097,"B",2,1,0.52310634
74098,"B",2,1,0.5200646
74099,"B",2,1,0.519612
74100,"G",2,2,0.51990443
74101,"G",2,2,0.5216828
74102,"G",2,2,0.5218073
74103,"G",2,2,0.5201139
74104,"G",2,2,0.5257792
74105,"B",2,1,0.5196142
74106,"G",2,2,0.5196029
74107,"B",2,1,0.51968944
74108,"B",2,1,0.51938593
74110,"G",2,2,0.5198993
74130,"B",2,1,0.5192139
74132,"B",2,1,0.5211037
74134,"G",2,2,0.5195149
74135,"G",2,2,0.5196768
74136,"G",2,2,0.51968426
74137,"G",2,2,0.519644
74138,"G",2,2,0.5199442
74139,"G",2,2,0.519644
74140,"G",2,2,0.519644
74145,"B",2,1,0.51976955
74158,"B",2,1,0.5198324
74159,"B",2,1,0.5214425
74160,"B",2,1,0.51940084
74161,"B",2,1,0.52268666
74162,"B",2,1,0.5242228
74163,"B",2,1,0.5245183
74164,"B",2,1,0.5215866
74165,"B",2,1,0.51948255
74166,"B",2,1,0.52041656
74167,"B",2,1,0.52000767
74168,"B",2,1,0.5206169
74169,"B",2,1,0.5210773
74170,"B",2,1,0.52307963
74171,"B",2,1,0.52307874
74172,"B",2,1,0.52455485
74173,"B",2,1,0.52272224
74174,"B",2,1,0.523516
74175,"B",2,1,0.5221812
74176,"B",2,1,0.5231868
74177,"B",2,1,0.5209067
74178,"B",2,1,0.5241421
74179,"B",2,1,0.5220774
74180,"B",2,1,0.52158463
74181,"B",2,1,0.5208071
74182,"B",2,1,0.52144796
74183,"B",2,1,0.5220692
74184,"B",2,1,0.5196919
74185,"B",2,1,0.5246632
74186,"B",2,1,0.5234371
74187,"B",2,1,0.5234361
74188,"B",2,1,0.5232925
74189,"B",2,1,0.5270191
74190,"B",2,1,0.5267747
74191,"B",2,1,0.5278171
74192,"G",2,2,0.5273047
74193,"G",2,2,0.5253128
74194,"G",2,2,0.5211922
74195,"G",2,2,0.5216405
74196,"G",2,2,0.52101
74197,"G",2,2,0.522264
74198,"B",2,1,0.5217918
74199,"B",2,1,0.5244872
74200,"B",2,1,0.521561
74201,"B",2,1,0.5229127
74202,"B",2,1,0.52456737
74203,"B",2,1,0.5222553
74204,"B",2,1,0.52216274
74205,"B",2,1,0.5193994
74206,"B",2,1,0.52273446
74208,"G",2,2,0.5200219
74209,"G",2,2,0.520484
74210,"G",2,2,0.51983654
74211,"B",2,1,0.5201574
74214,"G",2,2,0.52065784
74215,"G",2,2,0.521902
74216,"G",2,2,0.5223618
74217,"G",2,2,0.5235631
74218,"G",2,2,0.52300197
74219,"G",2,2,0.5253818
74220,"G",2,2,0.52446806
74221,"G",2,2,0.52301604
74222,"B",2,1,0.52345616
74223,"G",2,2,0.5232707
74224,"G",2,2,0.5235712
74225,"G",2,2,0.5235789
74226,"G",2,2,0.52215725
74227,"G",2,2,0.52398455
74228,"G",2,2,0.52291596
74229,"G",2,2,0.5230761
74230,"G",2,2,0.52407956
74231,"G",2,2,0.52440035
74232,"G",2,2,0.5241156
74233,"G",2,2,0.52057505
74234,"G",2,2,0.5237757
74235,"G",2,2,0.5204409
74236,"G",2,2,0.5212307
74237,"G",2,2,0.5203135
74238,"G",2,2,0.5201286
74241,"G",2,2,0.5199198
74242,"G",2,2,0.52304375
74243,"G",2,2,0.5211882
74244,"G",2,2,0.5198133
74245,"G",2,2,0.5207449
74246,"G",2,2,0.5209128
74247,"G",2,2,0.522832
74249,"G",2,2,0.5201431
74250,"G",2,2,0.5248122
74251,"G",2,2,0.52639985
74252,"G",2,2,0.52588487
74253,"G",2,2,0.52009696
74254,"G",2,2,0.5209299
74255,"G",2,2,0.5238842
74256,"B",2,1,0.5280562
74257,"B",2,1,0.52464306
74258,"B",2,1,0.52394783
74259,"B",2,1,0.5236998
74260,"B",2,1,0.5223436
74261,"B",2,1,0.52049655
74262,"B",2,1,0.5202524
74263,"B",2,1,0.52010876
74265,"B",2,1,0.5211427
74266,"B",2,1,0.5196283
74267,"B",2,1,0.5206788
74269,"B",2,1,0.52021736
74271,"B",2,1,0.5215455
74272,"B",2,1,0.52026147
74275,"B",2,1,0.51991856
74276,"G",2,2,0.5237464
74277,"G",2,2,0.5231551
74278,"G",2,2,0.52551067
74279,"G",2,2,0.52547956
74280,"G",2,2,0.52866113
74281,"G",2,2,0.52804387
74282,"G",2,2,0.5259681
74283,"G",2,2,0.52456796
74284,"G",2,2,0.5250878
74285,"G",2,2,0.5257492
74286,"G",2,2,0.5259642
74287,"G",2,2,0.52526337
74288,"G",2,2,0.5272976
74289,"G",2,2,0.52628857
74290,"G",2,2,0.5236062
74291,"G",2,2,0.5223084
74292,"G",2,2,0.5224547
74293,"G",2,2,0.52528465
74294,"G",2,2,0.5248888
74295,"G",2,2,0.5281015
74296,"G",2,2,0.527399
74297,"G",2,2,0.52578276
74298,"G",2,2,0.52427894
74299,"G",2,2,0.5215326
74300,"G",2,2,0.5206001
74301,"G",2,2,0.5234867
74302,"G",2,2,0.52516043
74303,"G",2,2,0.52346057
74304,"G",2,2,0.5235931
74305,"G",2,2,0.5252832
74306,"B",2,1,0.52186674
74308,"B",2,1,0.5207512
74311,"G",2,2,0.52429324
74312,"G",2,2,0.5242347
74313,"G",2,2,0.52594167
74314,"G",2,2,0.52419066
74315,"B",2,1,0.52532405
74316,"B",2,1,0.52482015
74317,"G",2,2,0.52327746
74318,"B",2,1,0.5226146
74319,"G",2,2,0.52387923
74320,"G",2,2,0.52400595
74321,"G",2,2,0.52176195
74322,"B",2,1,0.5224124
74323,"B",2,1,0.5201696
74324,"G",2,2,0.52584094
74325,"G",2,2,0.5273757
74326,"G",2,2,0.5257143
74327,"G",2,2,0.52859306
74328,"G",2,2,0.5287329
74329,"G",2,2,0.5294528
74330,"G",2,2,0.5285353
74331,"G",2,2,0.5314159
74332,"G",2,2,0.53059584
74333,"G",2,2,0.5288114
74334,"G",2,2,0.5301296
74335,"G",2,2,0.52783906
74336,"G",2,2,0.53018486
74337,"G",2,2,0.5298305
74338,"G",2,2,0.52876097
74339,"G",2,2,0.52929235
74340,"G",2,2,0.53054976
74341,"G",2,2,0.5267465
74342,"G",2,2,0.52744526
74343,"G",2,2,0.52451986
74344,"G",2,2,0.5265234
74345,"G",2,2,0.5294488
74346,"G",2,2,0.5280058
74347,"G",2,2,0.52622044
74348,"G",2,2,0.5246595
74349,"G",2,2,0.5232612
74350,"G",2,2,0.52183306
74351,"G",2,2,0.52905977
74352,"G",2,2,0.5291748
74353,"G",2,2,0.52877915
74354,"G",2,2,0.5296557
74355,"G",2,2,0.5281826
74356,"G",2,2,0.5281826
74357,"G",2,2,0.5247551
74358,"G",2,2,0.51992327
74359,"G",2,2,0.52073497
74360,"G",2,2,0.5291748
74361,"G",2,2,0.5266306
74362,"G",2,2,0.52779895
74363,"G",2,2,0.52703714
74364,"G",2,2,0.5256805
74365,"G",2,2,0.526088
74366,"G",2,2,0.52666473
74367,"B",2,1,0.52737755
74368,"G",2,2,0.52340055
74369,"B",2,1,0.526308
74370,"G",2,2,0.5264032
74371,"G",2,2,0.52403414
74372,"G",2,2,0.5272281
74373,"G",2,2,0.5238847
74374,"G",2,2,0.5269666
74375,"G",2,2,0.52544564
74376,"G",2,2,0.5265961
74377,"G",2,2,0.526521
74378,"G",2,2,0.5268936
74379,"G",2,2,0.52444696
74380,"G",2,2,0.5252041
74381,"G",2,2,0.5250175
74382,"G",2,2,0.52301383
74383,"B",2,1,0.52516115
74384,"G",2,2,0.5255548
74385,"B",2,1,0.5207373
74386,"B",2,1,0.5227919
74387,"B",2,1,0.52494
74388,"B",2,1,0.5245624
74389,"G",2,2,0.52264965
74390,"B",2,1,0.5252404
74391,"B",2,1,0.5242455
74392,"B",2,1,0.5254596
74393,"B",2,1,0.5254596
74394,"B",2,1,0.5253154
74395,"B",2,1,0.5243655
74396,"B",2,1,0.52765155
74397,"B",2,1,0.52680326
74398,"B",2,1,0.52728665
74399,"B",2,1,0.5301956
74400,"B",2,1,0.5298886
74401,"B",2,1,0.52456766
74402,"B",2,1,0.52379185
74403,"B",2,1,0.52650803
74404,"B",2,1,0.5258296
74405,"B",2,1,0.5300768
74406,"B",2,1,0.52314204
74407,"B",2,1,0.528054
74408,"B",2,1,0.5279443
74409,"B",2,1,0.52576554
74410,"B",2,1,0.5230562
74411,"B",2,1,0.5201924
74413,"B",2,1,0.52343917
74414,"B",2,1,0.5250027
74415,"B",2,1,0.5264382
74416,"B",2,1,0.5285114
74417,"B",2,1,0.5262879
74418,"B",2,1,0.52631676
74419,"B",2,1,0.52393943
74420,"G",2,2,0.52398217
74421,"G",2,2,0.5276596
74422,"G",2,2,0.5272412
74423,"G",2,2,0.52756983
74424,"G",2,2,0.52683413
74425,"G",2,2,0.51987076
74426,"G",2,2,0.5223575
74427,"G",2,2,0.52356744
74428,"G",2,2,0.5246326
74429,"G",2,2,0.52478683
74430,"G",2,2,0.5198938
74431,"G",2,2,0.5216782
74432,"G",2,2,0.52603066
74433,"G",2,2,0.5231599
74434,"G",2,2,0.5212857
74435,"G",2,2,0.52472305
74436,"G",2,2,0.5210395
74437,"G",2,2,0.52253765
74438,"G",2,2,0.5219374
74439,"G",2,2,0.52467656
74440,"G",2,2,0.5253405
74441,"G",2,2,0.52358305
74442,"G",2,2,0.5202306
74444,"G",2,2,0.52232194
74445,"G",2,2,0.5204949
74446,"G",2,2,0.5230236
74447,"G",2,2,0.52076316
74449,"G",2,2,0.52121603
74450,"G",2,2,0.5210008
74451,"G",2,2,0.519884
74452,"G",2,2,0.52650136
74453,"G",2,2,0.52835786
74454,"G",2,2,0.527421
74455,"G",2,2,0.52273166
74456,"B",2,1,0.5210878
74457,"B",2,1,0.5262955
74458,"G",2,2,0.52570075
74459,"G",2,2,0.52714086
74460,"G",2,2,0.52449447
74461,"G",2,2,0.52297986
74462,"G",2,2,0.52191025
74463,"G",2,2,0.5229643
74464,"G",2,2,0.52316886
74465,"G",2,2,0.526572
74466,"G",2,2,0.5275134
74467,"G",2,2,0.5275134
74468,"G",2,2,0.52609557
74469,"G",2,2,0.5238057
74470,"B",2,1,0.52426356
74475,"B",2,1,0.5193485
74476,"G",2,2,0.5193485
74477,"G",2,2,0.52407396
74478,"G",2,2,0.5203847
74479,"B",2,1,0.52370423
74480,"B",2,1,0.52370423
74481,"B",2,1,0.5270224
74482,"B",2,1,0.5225873
74483,"B",2,1,0.52706766
74484,"B",2,1,0.5254511
74485,"B",2,1,0.5241989
74486,"B",2,1,0.5276204
74487,"B",2,1,0.52645034
74488,"B",2,1,0.5247759
74489,"G",2,2,0.5208649
74490,"G",2,2,0.5223399
74491,"G",2,2,0.5202441
74492,"G",2,2,0.52308947
74494,"G",2,2,0.52341264
74495,"G",2,2,0.52008486
74496,"G",2,2,0.52128553
74498,"G",2,2,0.5227172
74500,"G",2,2,0.5222033
74501,"G",2,2,0.5226891
74502,"G",2,2,0.5195774
74503,"G",2,2,0.5236337
74504,"G",2,2,0.52230775
74505,"G",2,2,0.5244533
74506,"G",2,2,0.52041733
74507,"G",2,2,0.5211375
74508,"G",2,2,0.5244157
74509,"G",2,2,0.5225302
74510,"G",2,2,0.51958036
74511,"G",2,2,0.5227088
74512,"G",2,2,0.5227088
74513,"G",2,2,0.5258658
74514,"G",2,2,0.52572125
74515,"G",2,2,0.5238989
74516,"G",2,2,0.5215004
74517,"G",2,2,0.5227671
74518,"G",2,2,0.5220372
74519,"G",2,2,0.5201266
74520,"G",2,2,0.5222695
74521,"G",2,2,0.5247405
74524,"G",2,2,0.5269724
74525,"G",2,2,0.5262213
74526,"G",2,2,0.5269745
74527,"G",2,2,0.521359
74528,"G",2,2,0.5211742
74530,"G",2,2,0.5197207
74531,"G",2,2,0.5211742
74532,"G",2,2,0.5251242
74533,"G",2,2,0.5212958
74537,"G",2,2,0.5200421
74538,"G",2,2,0.5205811
74539,"G",2,2,0.5235014
74572,"G",2,2,0.5219521
74573,"G",2,2,0.5213104
74574,"G",2,2,0.5217767
74575,"G",2,2,0.51962477
74576,"G",2,2,0.52228755
74577,"G",2,2,0.52019525
74578,"G",2,2,0.5218301
74580,"G",2,2,0.52455664
74582,"G",2,2,0.5253884
74583,"G",2,2,0.5224555
74584,"G",2,2,0.5289358
74585,"G",2,2,0.5289358
74586,"G",2,2,0.52584136
74587,"G",2,2,0.52849877
74588,"G",2,2,0.5233369
